{
  "page": "furniture",
  "version": 1,
  "updatedAt": "2026-01-27T00:00:00.000Z",
  "headerText": {
    "title": "가구제작",
    "description": "전체 공간과 조화를 이루도록 설계부터 제작까지 함께합니다."
  },
  "categories": [
    { "key": "all", "label": "전체보기" }
  ],
  "projects": [
    {
        "id": "f1",
        "category": "all",
        "title": "[원목] 다이닝 테이블 제작",
        "period": "2025.00 - 2025.00",
        "thumbnailUrl": "https://images.unsplash.com/photo-1604079628040-94301bb21b91?q=80&w=1600&auto=format&fit=crop",
        "to": "/furniture/f1"
    },
    {
        "id": "f2",
        "category": "all",
        "title": "[카페] 커스텀 바 테이블",
        "period": "2025.00 - 2025.00",
        "thumbnailUrl": "https://images.unsplash.com/photo-1555041469-a586c61ea9bc?q=80&w=1600&auto=format&fit=crop",
        "to": "/furniture/f2"
    },
    {
        "id": "f3",
        "category": "all",
        "title": "[주거] 붙박이 수납장",
        "period": "2025.00 - 2025.00",
        "thumbnailUrl": "https://images.unsplash.com/photo-1595526114035-0d45ed16cfbf?q=80&w=1600&auto=format&fit=crop",
        "to": "/furniture/f3"
    },
    {
        "id": "f4",
        "category": "all",
        "title": "[상업] 원목 진열 선반",
        "period": "2025.00 - 2025.00",
        "thumbnailUrl": "https://images.unsplash.com/photo-1586023492125-27b2c045efd7?q=80&w=1600&auto=format&fit=crop",
        "to": "/furniture/f4"
    },
    {
        "id": "f5",
        "category": "all",
        "title": "[주방] 커스텀 아일랜드",
        "period": "2025.00 - 2025.00",
        "thumbnailUrl": "https://images.unsplash.com/photo-1600488999585-e4364713b90a?q=80&w=1600&auto=format&fit=crop",
        "to": "/furniture/f5"
    },
    {
        "id": "f6",
        "category": "all",
        "title": "[침실] 수납형 침대 프레임",
        "period": "2025.00 - 2025.00",
        "thumbnailUrl": "https://images.unsplash.com/photo-1505693416388-ac5ce068fe85?q=80&w=1600&auto=format&fit=crop",
        "to": "/furniture/f6"
    },
    {
        "id": "f7",
        "category": "all",
        "title": "[서재] 맞춤 책장 제작",
        "period": "2025.00 - 2025.00",
        "thumbnailUrl": "https://images.unsplash.com/photo-1582582621959-48d27397dc69?q=80&w=1600&auto=format&fit=crop",
        "to": "/furniture/f7"
    },
    {
        "id": "f8",
        "category": "all",
        "title": "[상업] 카운터 하부 수납장",
        "period": "2025.00 - 2025.00",
        "thumbnailUrl": "https://images.unsplash.com/photo-1615874959474-d609969a20ed?q=80&w=1600&auto=format&fit=crop",
        "to": "/furniture/f8"
    },
    {
        "id": "f9",
        "category": "all",
        "title": "[상업] 카운터 하부 수납장",
        "period": "2025.00 - 2025.00",
        "thumbnailUrl": "https://images.unsplash.com/photo-1615874959474-d609969a20ed?q=80&w=1600&auto=format&fit=crop",
        "to": "/furniture/f9"
    }
 ]
}
