{
  "page": "home",
  "version": 2,
  "updatedAt": "2026-01-26T08:00:00.000Z",
  "sections": {
    "images": {
      "hero": {
        "url": "https://i.imgur.com/kadrJBX.jpeg",
        "alt": "메인 이미지"
      },
      "cards": [
        { "url": "https://i.imgur.com/NrvXhOL.jpeg", "alt": "카드 이미지 1" },
        {
          "url": "https://images.pexels.com/photos/6615806/pexels-photo-6615806.jpeg?_gl=1*1lbi28*_ga*MTQxNTY4MzM5NC4xNzY5Mzk5Mjgz*_ga_8JE65Q40S6*czE3Njk0MjMwNzkkbzQkZzEkdDE3Njk0MjMwODIkajU3JGwwJGgw",
          "alt": "카드 이미지 2"
        },
        { "url": "https://i.imgur.com/Sd8VZg7.jpeg", "alt": "카드 이미지 3" },
        { "url": "https://i.imgur.com/heVmquw.jpeg", "alt": "카드 이미지 4" }
      ]
    },

    "heroText": {
      "title": "오후 3시 30분의 따뜻함으로 공간을 디자인합니다.",
      "highlight": "",
      "highlightColor": "rgb(122, 106, 90)"
    },

    "galleryText": {
      "title": "오후 3시 30분의 따뜻함으로 ",
      "highlight": "공간을 디자인합니다.",
      "highlightColor": "rgb(122, 106, 90)",
      "description": "하루 중 가장 따뜻한 오후 3시 30분의 온기를 좋아합니다.\n그 따뜻함을 닮은 시선으로 공간의 용도와 삶의 순간들을 바라보고,\n머무는 사람의 취향과 이야기가 자연스럽게 스며든 공간을 만듭니다."
    },

    "cta": {
      "background": {
        "url": "https://i.imgur.com/kxoK2a9.jpeg"
      },
      "title": "PROJECT INQUIRY",
      "description": "프로젝트의 방향과 공간 정보를 공유해 주세요.\n330pm은 쓰임과 완성도를 고려해\n과하지 않은, 정확한 제안을 드립니다.",
      "button": { "label": "견적 문의하기", "to": "/inquiry" }
    },

    "footer": {
      "leftLines": [
        "47582 부산시 연제구 쌍미천로 104",
        "박재우 | 010-8557-2222 | 000-00-00000 | 제0000-부산-0000호"
      ],
      "rightLinks": [
        { "label": "Instagram", "href": "https://instagram.com/" },
        { "label": "Kakaotalk", "href": "https://open.kakao.com/" }
      ],
      "copyright": "©330pm All Rights Reserved."
    }
  }
}
